company,role,locations,apply_url,date_posted
Deutsche Bank,Deutsche Bank Graduate Program - Technology Data and Innovation (TDI) - New York 2025,"New York, NY",https://db.recsolu.com/external/requisitions/Yqt2f29X7hFr8nO6Si_YaQ,Aug 22
Microsoft,Software Engineer - Fullstack Redmond,"Redmond, WA",https://jobs.careers.microsoft.com/global/en/job/1747253/Software-Engineer---Fullstack%2C-Redmond,Aug 22
Verkada,Backend Software Engineer - University Graduate 2025,"San Mateo, CA",https://job-boards.greenhouse.io/verkada/jobs/4471600007,Aug 20
Figma,Software Engineer - Early Career (2025),"San Francisco, CA; New York, NY",https://job-boards.greenhouse.io/figma/jobs/5227935004,Aug 20
Chicago Trading Company,2025 Associate Engineer,"Chicago, IL",https://www.chicagotrading.com/posting?req=4462832005&campus=1,Aug 19
The Trade Desk,Recent Graduate Software Engineer (2025 Start),"Bellevue, WA",https://www.linkedin.com/jobs/view/4000102069/,Aug 15
The Trade Desk,Graduate Software Engineer (2025 Start),"San Francisco, CA",https://www.linkedin.com/jobs/view/4000100097/,Aug 15
IBM,Entry Level Back End Developer: 2025,"Tucson, AZ; San Jose, CA; Rochester, NY; Poughkeepsie, NY; Research Triangle Park, NC",https://careers.ibm.com/job/20864776/entry-level-back-end-developer-2025-remote/,Aug 14
IBM,Entry Level Product Manager: 2025,"Austin, TX; Lowell, NC; Durham, NC; Research Triangle Park, NC; Dallas, TX",https://careers.ibm.com/job/20863344/entry-level-product-manager-2025-remote,Aug 14
NVIDIA,Physical Design Engineer - New College Grad 2025,"Westford, MA; Westborough, MA",https://nvidia.wd5.myworkdayjobs.com/en-us/nvidiaexternalcareersite/job/US-MA-Westford/Physical-Design-Engineer---New-College-Grad-2025_JR1979789-1,Aug 14
Aquatic,"Quantitative Researcher, Early Career (2025)","Chicago, IL; New York, NY",https://job-boards.greenhouse.io/aquaticcapitalmanagement/jobs/7468705002,Aug 14
Point72,Point72 Academy Investment Analyst Program for Upcoming Graduates (2025 – US),"Chicago, IL; Florida; New York, NY; San Francisco, CA",https://job-boards.greenhouse.io/point72/jobs/7431897002,Aug 14
Belvedere,Quantitative Trader - Entry Level 2025,"Chicago, IL",https://jobs.lever.co/belvederetrading/69de6697-e9d4-426e-ae22-bad4c6e04cf8/apply,Aug 14
Databricks,Data Scientist - New Grad (2025 Start) (Masters/PhD only),"Mountain View, CA",https://www.databricks.com/company/careers/university-recruiting/data-scientist---new-grad-2025-start-6866554002,Aug 14
abbvie,2025 BTS Early Talent Program - Technical,"North Chicago, IL",https://careers.abbvie.com/en/job/2025-bts-early-talent-program-technical-in-north-chicago-il-jid-6454,Aug 12
US Bank,2025 Engineering Rotational Program,"Hopkins, MN",https://careers.usbank.com/global/en/job/UBNAGLOBAL20240015883EXTERNALENGLOBAL/2025-Engineering-Rotational-Program,Aug 12
American Express,Campus Undergraduate- 2025 Enterprise Strategy Full Time Analyst,"New York, NY",https://aexp.eightfold.ai/careers/job/24237140,Aug 12
Geico,Technology Development Program - Software Engineering,"Chevy Chase, MD; Virginia Beach, VA; Poway, CA; North Liberty, IA; Katy, TX",https://geico.wd1.myworkdayjobs.com/en-US/External/job/Chevy-Chase-MD/Technology-Development-Program---Software-Engineering_R0051974,Aug 11
Cargill,"Associate Software Engineer - Technology Development Program, Summer 2025","Atlanta, GA",https://careers.cargill.com/en/job/-/-/23251/68562401376,Aug 10
Blackrock,2025 Full-Time Analyst Program - AMERS,"N/A, N/A",https://blackrock.tal.net/vx/lang-en-GB/mobile-0/brand-3/xf-4a4032eced60/candidate/so/pm/1/pl/1/opp/8161-2025-Full-Time-Analyst-Program-AMERS/en-GB,Aug 10
Belvedere,Software Engineer - Entry Level 2025,"Chicago, IL",https://jobs.lever.co/belvederetrading/f994033f-80f7-4f1d-afdf-a0ada8ed9a8b/apply,Aug 09
BCG,AI Software Engineer (Masters/PhD only),"Boston, MA; Los Angeles, CA; Seattle, WA; San Francisco, CA; Manhattan Beach, CA; Dallas, TX; Miami, FL; Brooklyn, NY; New York, NY; Pittsburgh, PA; Washington, DC; Chicago, IL",https://careers.bcg.com/job/BCG1US36468EXTERNALENUS/AI-Software-Engineer-Campus-United-States-BCG-X,Aug 08
Wells Fargo,2025 Analytics and Data Development Program – Early Careers,"Charlotte, NC; Chandler, AZ; Dallas, TX; Minneapolis, MN; West Des Moines, IA",https://www.wellsfargojobs.com/en/jobs/r-389141/2025-analytics-and-data-development-program-early-careers/,Aug 08
RVO Health,2025 Early Career Program: Software Engineering,"Charlotte, NC",https://www.linkedin.com/jobs/view/3995797438/,Aug 08
ByteDance,Algorithm Engineer Graduate（IT-US)- 2025 Start (BS/MS),"San Jose, CA",https://Algorithm Engineer Graduate（IT-US)- 2025 Start (BS/MS),Aug 07
ByteDance,Machine Learning Engineer Graduate (AML Algorithm) - 2025 Start (BS/MS),"San Jose, CA",https://jobs.bytedance.com/en/position/7399738686366042377/detail?spread=BSPP2KS,Aug 07
Seacorp,New Engineering Graduates 2025,"Middletown, RI",https://seacorp.csod.com/ux/ats/careersite/5/home/requisition/1539,Aug 07
Roblox,[2025] Software Engineer - New Graduate,"San Mateo, CA",https://careers.roblox.com/jobs/6086753,Aug 06
Databricks,Software Engineer - New Grad (2025 Start),"Mountain View, CA",https://www.databricks.com/company/careers/university-recruiting/software-engineer---new-grad-2025-start-6865698002,Aug 05
Databricks,Software Engineer - New Grad (2025 Start),"Bellevue, WA",https://www.databricks.com/company/careers/university-recruiting/software-engineer---new-grad-2025-start-6866542002,Aug 05
Databricks,"Software Engineer - New Grad, Distributed Data Systems (2025 Start)","Mountain View, CA",https://www.databricks.com/company/careers/university-recruiting/software-engineer---new-grad-distributed-data-systems-2025-start-6865704002,Aug 05
Databricks,"Software Engineer - New Grad, Distributed Data Systems (2025 Start)","Bellevue, WA",https://www.databricks.com/company/careers/university-recruiting/software-engineer---new-grad-distributed-data-systems-2025-start-6866556002,Aug 05
Capital One,Capital One Developer Academy Associate - 2025 (Non-CS Majors),"McLean, VA; Richmond, VA; New York, NY; Plano, TX",https://www.capitalonecareers.com/job/mclean/capital-one-developer-academy-associate-2025/31238/68391444896,Aug 05
Northrop Grumman,2025 Entry Level Opportunities,"Falls Church, Virginia",https://www.northropgrumman.com/jobs/Engineering/General/United-States-of-America/Virginia/Falls-Church/R10165009/2025-entry-level-opportunities,Aug 05
Marshall Wace,Technology Graduate Scheme 2025 - New York,"New York, NY",https://job-boards.greenhouse.io/mw-tech-grad/jobs/7499717002,Aug 02
Goldman Sachs,2025 New Analyst Program,"N/A, N/A",https://www.goldmansachs.com/careers/students/programs-and-internships/americas/2025-new-analyst-program,Aug 02
Five Rings,Campus Full Time 2025 - Quantitative Trader,"New York, NY",https://job-boards.greenhouse.io/fiveringsllc/jobs/4090061008,Aug 02
Five Rings,Campus Full Time 2025 - Quantitative Trader - Boca Raton,"Boca Raton, FL",https://job-boards.greenhouse.io/fiveringsllc/jobs/4090119008,Aug 02
Five Rings,Campus Full Time 2025 - Software Developer - New York,"New York, NY",https://job-boards.greenhouse.io/fiveringsllc/jobs/4090994008,Aug 02
Johnson & Johnson,Class of 2025 Technology Leadership Development Program (TLDP) – Full Time,"New Brunswick, NJ; Jacksonville, FL; Raritan, NJ; Spring House, PA; Horsham, PA; Titusville, NJ; Providence, RI; Fort Washington, PA",https://jobs.jnj.com/en/jobs/2406197155w/class-of-2025-technology-leadership-development-program-tldp-full-time/,Aug 02
Sentry,"Software Engineer, New Grad (2025)","San Francisco, CA",https://boards.greenhouse.io/sentry/jobs/6145165,Aug 01
TikTok,Data Engineer Graduate (Data Platform) - 2025 Start (BS/MS),"San Jose, CA",https://careers.tiktok.com/position/7397891573751499018/detail?spread=5MWH5CQ,Aug 01
TikTok,Backend Software Engineer Graduate (TikTok Eng - Backend Online Infra Team) - 2025 Start (BS/MS),"San Jose, CA",https://careers.tiktok.com/position/7397916727277095195/detail?spread=5MWH5CQ,Aug 01
Vanguard,Entry Level Application Engineer - 2025 Start Date,"Malvern, PA",https://vanguard.wd5.myworkdayjobs.com/en-US/vanguard_external/job/Malvern-PA/Entry-Level-Application-Engineer---2025-Start-Date_162144-1,Aug 01
Vanguard,Entry Level Application Engineer - 2025 Start Date,"Charlotte, NC",https://vanguard.wd5.myworkdayjobs.com/en-US/vanguard_external/job/Charlotte-NC/Entry-Level-Application-Engineer---2025-Start-Date_162145-1,Aug 01
Confluent,2025 Software Engineer,"Austin, TX",https://jobs.jobvite.com/careers/confluent/job/orVbufwL/apply,Aug 01
Ramp,New Grad 2025: Software Engineer - Backend,"New York, NY",https://jobs.ashbyhq.com/ramp/29663a4b-c457-4a38-bbdf-069f189b20eb?departmentId=e9877d64-61b1-4b37-8518-65af0431cd09,Jul 31
Ramp,New Grad 2025: Software Engineer - Frontend,"New York, NY",https://jobs.ashbyhq.com/ramp/12747eb1-e545-478d-b07c-f27f4a88cc12?departmentId=e9877d64-61b1-4b37-8518-65af0431cd09,Jul 31
TikTok,Software Engineer Graduate - (Experimentation and Evaluation Graduate)- 2025 Start (BS/MS),"San Jose, CA",https://careers.tiktok.com/position/7397237825634699557/detail?spread=5MWH5CQ,Jul 30
ByteDance,Mobile Software Engineer Graduate (Global E-commerce-US) - 2025 Start (BS/MS),"San Jose, CA",https://jobs.bytedance.com/en/position/7396945647146076453/detail?spread=BSPP2KS,Jul 30
TikTok,"Machine Learning Engineer - CV/NLP/Multimodal LLM (Trust and Safety) - 2025 Start (Master/Bachelor)","San Jose, CA",https://careers.tiktok.com/position/7395702392933927205/detail,Jul 29
Honeywell,Project Engineer I (Recent Grad/Full Time),"Fort Washington, Pennsylvania",https://careers.honeywell.com/us/en/job/HONEUSHRD905405EXTERNALENUS/Project-Engineer-I-Recent-Grad-Full-Time,Jul 28
ByteDance,Software Engineer Graduate (Applied Machine Learning - Engine) - 2025 Start (PhD),"San Jose, CA",https://jobs.bytedance.com/en/position/7376504348953970982/detail,Jul 28
Navan,University 2024 Graduate - Software Engineer (Back-End),"Palo Alto, CA",https://navan.com/careers/openings/5382869?gh_jid=5382869,Jul 27
Twilio,Software Engineer - New Graduate (2024 Recent Grads),"Remote, US",https://boards.greenhouse.io/twilio/jobs/6127332,Jul 27
The Walt Disney Company,Software Engineer I,"New York, NY; Santa Monica, CA; Seattle, WA",https://www.disneycareers.com/en/job/-/-/391/68004930112,Jul 27
Apple,IS&T Early Career Software Engineer Opportunities,"Cupertino, CA",https://jobs.apple.com/en-us/details/200557873/is-t-early-career-software-engineer-opportunities,Jul 26
Medallion,"Software Engineer, New Grad","Remote, US",https://ats.rippling.com/medallion-careers/jobs/169e4b7b-cb27-4f5e-970b-9cc27e48f426,Jul 26
TikTok,Software Engineer Graduate (TikTok LIVE Foundation) - 2025 Start,"San Jose, CA",https://careers.tiktok.com/position/7394970016695453990/detail,Jul 25
Adobe,2025 University Graduate - Software Development Engineer,"San Jose, CA",https://careers.adobe.com/us/en/job/R145890/2025-University-Graduate-Software-Development-Engineer,Jul 25
Tiktok,Software Engineer Graduate (Intelligent Creation Mobile) - 2025 Start (BS/MS),"San Jose, CA",https://careers.tiktok.com/position/7394972975772027146/detail,Jul 25
Tiktok,Machine Learning Engineer 2025 Start (TikTok Recommendation),"San Jose, CA",https://careers.tiktok.com/position/7394958206025550089/detail,Jul 24
Blue Origin,Software Engineer Early Career - Verification,"Seattle, WA",https://blueorigin.wd5.myworkdayjobs.com/en-US/BlueOrigin/job/Seattle-WA/Software-Engineer-Early-Career---Verification_R45390,Jul 23
Optiver,Graduate Software Engineer (2025 Start – Chicago),"Chicago, IL",https://optiver.com/working-at-optiver/career-opportunities/7498615002/,Jul 23
Jerry,New Graduate Software Engineer,"Palo Alto, CA",https://jobs.ashbyhq.com/Jerry/1cdd1696-449d-4925-86e5-d09659e5f96c,Jul 23
ByteDance,Software Engineer Graduate (AML- Engine) - 2025 Start (BS/MS),"San Jose, CA",https://jobs.bytedance.com/en/position/7394555540905036058/detail,Jul 23
TikTok,Software Engineer Graduate (TikTok Short Video) - 2025 Start (Bachelors/Master),"Seattle, WA",https://careers.tiktok.com/position/7394314674919721266,Jul 23
TikTok,Software Engineer Graduate (TikTok Short Video) - 2025 Start (Bachelors/Master),"San Jose, CA",https://careers.tiktok.com/position/7394316025958828325/detail,Jul 23
Axle Health,Software Engineer (New Grad),"Los Angeles, CA",https://www.workatastartup.com/jobs/68040,Jul 22
NVIDIA,"Developer Technology Engineer, AI - New College Graduate 2024 (MS/PhD Only)","Santa Clara, CA; Austin, TX; Durham, NC; Redmond, WA; Salt Lake City, UT; Boulder, CO",https://nvidia.wd5.myworkdayjobs.com/NVIDIAExternalCareerSite/job/US-CA-Santa-Clara/Developer-Technology-Engineer--AI---New-College-Graduate-2024_JR1984452,Jul 21
Verkada,Embedded Software Engineer - University Graduate 2024,"San Mateo, CA",https://boards.greenhouse.io/verkada/jobs/4401751007,Jul 21
IMC,Graduate Software Engineer,"Chicago, IL",https://boards.eu.greenhouse.io/imc/jobs/4347769101,Jul 20
Akuna Capital,Software Engineer (Entry-Level) - C++,"Chicago, IL",https://akunacapital.com/job-details?gh_jid=6066182,Jul 17
Tesla,"Software Engineer, Correctness & Reliability","Palo Alto, CA",https://www.tesla.com/careers/search/job/software-engineer-correctness-reliability-dojo-223336,Jul 14
AMD,ML Compiler Software Development Engineer,"San Jose, CA",https://careers.amd.com/careers-home/jobs/49996?lang=en-us,Jul 14
General Dynamics,Software Engineer,"Manassas, VA",https://careers-gdms.icims.com/jobs/63422/job,Jul 14
Google,"Software Engineer, AI/Machine Learning","Mountain View, CA; Austin, TX; Boulder, CO; Cambridge, MA; Kirkland, WA; Los Angeles, CA; New York, NY; Raleigh, NC; Durham, NC; San Bruno, CA; Seattle, WA; San Francisco, CA; Sunnyvale, CA",https://www.google.com/about/careers/applications/jobs/results/140166094567416518-early-career-software-engineer-aimachine-learning,Jul 12
Comcast,Jr. DevOps Engineer,"Englewood, CO; Philadelphia, PA",https://comcast.wd5.myworkdayjobs.com/en-US/Comcast_Careers/job/CO---Englewood-183-Inverness-Dr-West/Jr-DevOps-Engineer_R385308?q=Jr.%20DevOps%20Engineer&redirect=/Comcast_Careers/job/CO---Englewood-183-Inverness-Dr-West/Jr-DevOps-Engineer_R385308,Jul 11
Jane Street,Software Engineer,"New York, NY",https://boards.greenhouse.io/janestreet/jobs/7108437002,Jul 11
Jane Street,Front End Software Engineer,"New York, NY",https://boards.greenhouse.io/janestreet/jobs/6184529002,Jul 11
Pure Storage,"Software Engineer Grad, Hyperscale","Santa Clara, CA",https://boards.greenhouse.io/purestorage/jobs/6104882,Jul 11
ElectronX,New Grad: Software Engineer,"New York, NY; Chicago, IL",https://jobs.ashbyhq.com/electronx/42123d2b-31b3-464c-a0cd-4c7a7e62d672,Jul 11
SIG,Network Engineer,"Bala Cynwyd, PA",https://careers.sig.com/job/8423/Network-Engineer-New-Grad,Jul 11
TikTok,iOS Software Engineer,"San Jose, CA",https://careers.tiktok.com/position/7374936054024161562/detail?spread=5MWH5CQ,Jul 10
SpaceX,"Software Engineer, Flight Software","Hawthorne, CA",https://boards.greenhouse.io/spacex/jobs/7527170002?gh_jid=7527170002&gh_src=3c0864192,Jul 10
Radley James,Junior C++ Engineer,"San Francisco, CA",https://radleyjames.com/jobs/5341-c-junior-c-engineer-san-francisco/,Jul 10
OpenAI,"Software Engineer, Backend","San Francisco, CA",https://jobs.ashbyhq.com/openai/75420421-5a2a-4d99-8755-9eeff799de95,Jul 10
Warp,Software Engineer,"Remote, US & Canada",https://boards.greenhouse.io/warp/jobs/4324888004?gh_src=a2e958824us,Jul 10
Citadel,Software Engineer,"Chicago, IL; Miami, FL; New York, NY",https://www.citadel.com/careers/details/software-engineer-2025-university-graduate-us/,Jul 09
Adobe,Machine Learning Engineer - Masters/PhD,"San Jose, CA",https://careers.adobe.com/us/en/job/ADOBUSR146886EXTERNALENUS/Machine-Learning-Engineer,Jul 09